Transaction_ID,User_ID,Timestamp,Amount,Location,Is_Fraud
TXN_1000,U_202,2023-01-26 19:11:24,207.65,"Chicago, IL",0
TXN_1001,U_171,2023-01-02 06:37:48,913.45,"Los Angeles, CA",0
TXN_1002,U_221,2023-01-19 04:06:46,64.84,"San Antonio, TX",0
TXN_1003,U_187,2023-01-27 07:12:35,159.16,"Chicago, IL",0
TXN_1004,U_230,2023-01-04 19:29:25,63.07,"Los Angeles, CA",0
TXN_1005,U_443,2023-01-21 10:48:11,2794.58,"Phoenix, AZ",0
TXN_1006,U_485,2023-01-10 03:55:43,4860.11,"Phoenix, AZ",0
TXN_1007,U_260,2023-01-27 09:52:11,950.86,"San Antonio, TX",0
TXN_1008,U_352,2023-01-16 03:09:31,28.33,"San Diego, CA",0
TXN_1009,U_574,2023-01-27 02:04:42,515.59,"San Diego, CA",0
TXN_1010,U_575,2023-01-07 02:23:55,461.28,"Houston, TX",0
TXN_1011,U_289,2023-01-01 23:30:54,968.35,"Houston, TX",0
TXN_1012,U_975,2023-01-28 23:09:42,4093.22,"Los Angeles, CA",0
TXN_1013,U_604,2023-01-28 10:31:30,1970.69,"New York, NY",0
TXN_1014,U_746,2023-01-30 22:30:44,976.75,"New York, NY",1
TXN_1015,U_487,2023-01-17 23:08:09,107.78,"Houston, TX",0
TXN_1016,U_439,2023-01-03 23:15:08,1795.93,"Chicago, IL",0
TXN_1017,U_134,2023-01-07 23:52:45,501.04,"Houston, TX",0
TXN_1018,U_661,2023-01-21 12:36:55,1412.97,"Philadelphia, PA",0
TXN_1019,U_489,2023-01-16 18:48:35,209.39,"San Antonio, TX",0
TXN_1020,U_802,2023-01-25 06:05:05,1497.25,"Phoenix, AZ",0
TXN_1021,U_261,2023-01-15 17:15:41,2617.63,"San Diego, CA",0
TXN_1022,U_962,2023-01-19 08:06:38,97.66,"Phoenix, AZ",0
TXN_1023,U_826,2023-01-17 05:28:27,51.28,"New York, NY",0
TXN_1024,U_395,2023-01-01 06:27:27,1380.63,"Los Angeles, CA",0
TXN_1025,U_978,2023-01-16 07:28:25,3364.73,"Chicago, IL",0
TXN_1026,U_287,2023-01-15 20:59:20,356.37,"San Diego, CA",0
TXN_1027,U_912,2023-01-17 11:57:52,20.76,"Chicago, IL",0
TXN_1028,U_620,2023-01-18 09:53:04,226.54,"Phoenix, AZ",0
TXN_1029,U_571,2023-01-21 06:42:06,1694.9,"San Antonio, TX",0
TXN_1030,U_692,2023-01-21 02:31:35,1310.66,"Chicago, IL",0
TXN_1031,U_388,2023-01-25 10:03:38,81.93,"New York, NY",0
TXN_1032,U_330,2023-01-22 08:03:20,981.3,"Philadelphia, PA",0
TXN_1033,U_132,2023-01-05 01:34:39,468.34,"San Antonio, TX",0
TXN_1034,U_673,2023-01-06 15:59:30,899.77,"Los Angeles, CA",0
TXN_1035,U_825,2023-01-25 13:21:30,828.81,"Chicago, IL",0
TXN_1036,U_838,2023-01-23 13:11:00,3570.32,"Houston, TX",0
TXN_1037,U_742,2023-01-03 03:07:44,1886.16,"San Diego, CA",1
TXN_1038,U_866,2023-01-11 09:17:01,685.81,"Phoenix, AZ",0
TXN_1039,U_492,2023-01-27 19:22:01,30.75,"Los Angeles, CA",0
TXN_1040,U_560,2023-01-28 04:59:30,36.93,"Chicago, IL",0
TXN_1041,U_842,2023-01-11 02:52:51,2892.27,"San Diego, CA",1
TXN_1042,U_330,2023-01-12 06:25:48,781.18,"Phoenix, AZ",0
TXN_1043,U_640,2023-01-15 01:04:35,3805.14,"Philadelphia, PA",1
TXN_1044,U_798,2023-01-23 07:40:34,180.81,"Philadelphia, PA",0
TXN_1045,U_677,2023-01-17 10:25:45,1655.89,"New York, NY",0
TXN_1046,U_745,2023-01-24 20:31:23,1632.97,"San Antonio, TX",0
TXN_1047,U_655,2023-01-25 13:44:51,2235.81,"New York, NY",0
TXN_1048,U_430,2023-01-07 06:38:55,1652.35,"Phoenix, AZ",0
TXN_1049,U_447,2023-01-29 18:06:53,121.59,"New York, NY",0
TXN_1050,U_476,2023-01-12 09:25:46,562.06,"Phoenix, AZ",0
TXN_1051,U_727,2023-01-02 11:32:28,1976.34,"Phoenix, AZ",0
TXN_1052,U_458,2023-01-30 11:53:41,719.88,"San Antonio, TX",0
TXN_1053,U_748,2023-01-23 14:48:29,256.17,"Los Angeles, CA",0
TXN_1054,U_918,2023-01-27 04:36:30,189.27,"New York, NY",0
TXN_1055,U_771,2023-01-12 17:29:03,821.68,"San Antonio, TX",0
TXN_1056,U_791,2023-01-18 07:36:16,72.09,"San Antonio, TX",0
TXN_1057,U_541,2023-01-27 12:10:27,288.53,"San Antonio, TX",0
TXN_1058,U_906,2023-01-09 20:35:13,1250.73,"Phoenix, AZ",0
TXN_1059,U_712,2023-01-09 22:05:46,945.49,"Los Angeles, CA",0
TXN_1060,U_741,2023-01-17 05:06:44,428.23,"Phoenix, AZ",0
TXN_1061,U_484,2023-01-16 02:46:42,1146.64,"Chicago, IL",0
TXN_1062,U_152,2023-01-10 16:34:51,1407.81,"Houston, TX",1
TXN_1063,U_515,2023-01-13 22:50:43,89.31,"Philadelphia, PA",0
TXN_1064,U_283,2023-01-17 13:07:06,282.28,"New York, NY",0
TXN_1065,U_393,2023-01-30 14:37:11,640.45,"San Diego, CA",0
TXN_1066,U_709,2023-01-20 05:38:29,772.39,"New York, NY",0
TXN_1067,U_851,2023-01-25 12:50:23,1808.64,"Phoenix, AZ",0
TXN_1068,U_223,2023-01-20 04:51:06,211.43,"Los Angeles, CA",0
TXN_1069,U_448,2023-01-04 14:39:15,399.46,"Los Angeles, CA",0
TXN_1070,U_502,2023-01-11 12:58:01,722.63,"Philadelphia, PA",0
TXN_1071,U_246,2023-01-02 15:34:43,1960.12,"Houston, TX",1
TXN_1072,U_588,2023-01-26 06:07:28,511.79,"San Diego, CA",0
TXN_1073,U_650,2023-01-11 06:25:21,1823.37,"Los Angeles, CA",0
TXN_1074,U_878,2023-01-13 05:32:11,1333.84,"Houston, TX",0
TXN_1075,U_250,2023-01-22 11:48:46,2103.33,"Chicago, IL",0
TXN_1076,U_710,2023-01-02 17:01:58,1083.76,"New York, NY",0
TXN_1077,U_445,2023-01-26 12:24:24,731.99,"Philadelphia, PA",0
TXN_1078,U_980,2023-01-08 22:49:36,102.73,"San Diego, CA",0
TXN_1079,U_751,2023-01-02 08:43:16,2147.48,"Los Angeles, CA",0
TXN_1080,U_108,2023-01-28 09:24:56,434.57,"Chicago, IL",0
TXN_1081,U_915,2023-01-19 06:39:19,523.37,"Chicago, IL",0
TXN_1082,U_772,2023-01-22 09:06:31,2632.33,"Phoenix, AZ",1
TXN_1083,U_519,2023-01-06 19:12:37,1110.6,"Phoenix, AZ",0
TXN_1084,U_353,2023-01-21 06:44:50,470.67,"Houston, TX",0
TXN_1085,U_572,2023-01-21 16:05:54,4636.81,"Philadelphia, PA",1
TXN_1086,U_977,2023-01-14 00:48:01,2001.32,"Los Angeles, CA",1
TXN_1087,U_780,2023-01-08 03:47:47,1250.42,"New York, NY",0
TXN_1088,U_900,2023-01-11 03:50:44,202.02,"Philadelphia, PA",0
TXN_1089,U_603,2023-01-11 21:05:03,1368.24,"Chicago, IL",0
TXN_1090,U_294,2023-01-20 04:54:40,373.26,"Philadelphia, PA",0
TXN_1091,U_787,2023-01-02 05:50:50,463.42,"San Diego, CA",0
TXN_1092,U_474,2023-01-23 22:58:29,284.7,"New York, NY",0
TXN_1093,U_137,2023-01-19 18:03:17,504.39,"San Antonio, TX",0
TXN_1094,U_537,2023-01-14 21:09:46,574.86,"San Diego, CA",0
TXN_1095,U_376,2023-01-29 10:33:04,865.16,"Chicago, IL",0
TXN_1096,U_580,2023-01-09 10:45:03,334.58,"Phoenix, AZ",0
TXN_1097,U_646,2023-01-18 12:58:56,5217.23,"Chicago, IL",0
TXN_1098,U_257,2023-01-14 02:19:25,2468.51,"Phoenix, AZ",0
TXN_1099,U_198,2023-01-30 00:57:59,406.6,"Phoenix, AZ",0
TXN_1100,U_401,2023-01-02 08:01:34,3318.74,"Chicago, IL",0
TXN_1101,U_215,2023-01-26 00:47:58,369.85,"Houston, TX",0
TXN_1102,U_260,2023-01-26 15:19:27,786.13,"Philadelphia, PA",1
TXN_1103,U_892,2023-01-08 23:08:25,2756.29,"Chicago, IL",0
TXN_1104,U_669,2023-01-17 08:54:26,1740.11,"San Diego, CA",1
TXN_1105,U_725,2023-01-13 04:23:10,4615.57,"New York, NY",0
TXN_1106,U_738,2023-01-19 07:53:13,2103.61,"Phoenix, AZ",0
TXN_1107,U_884,2023-01-02 20:07:03,1199.07,"Los Angeles, CA",0
TXN_1108,U_910,2023-01-06 18:34:23,809.79,"New York, NY",0
TXN_1109,U_781,2023-01-27 23:55:14,300.99,"San Antonio, TX",0
TXN_1110,U_507,2023-01-08 16:27:56,90.12,"Houston, TX",0
TXN_1111,U_924,2023-01-23 01:15:24,221.01,"Houston, TX",0
TXN_1112,U_875,2023-01-15 21:15:25,1593.62,"Houston, TX",0
TXN_1113,U_982,2023-01-06 04:43:02,33.01,"New York, NY",0
TXN_1114,U_453,2023-01-12 12:42:41,1535.1,"Phoenix, AZ",1
TXN_1115,U_150,2023-01-20 15:56:45,342.63,"Philadelphia, PA",0
TXN_1116,U_413,2023-01-03 15:18:17,35.98,"Los Angeles, CA",0
TXN_1117,U_791,2023-01-17 15:35:33,366.35,"Houston, TX",0
TXN_1118,U_543,2023-01-24 19:54:12,743.65,"New York, NY",0
TXN_1119,U_152,2023-01-03 21:50:51,248.12,"Phoenix, AZ",0
TXN_1120,U_104,2023-01-12 15:04:06,94.21,"Houston, TX",0
TXN_1121,U_976,2023-01-03 04:36:47,762.91,"New York, NY",0
TXN_1122,U_146,2023-01-15 14:06:26,1019.54,"Houston, TX",0
TXN_1123,U_919,2023-01-14 05:30:52,3496.24,"San Antonio, TX",0
TXN_1124,U_205,2023-01-03 13:54:26,1590.65,"Philadelphia, PA",0
TXN_1125,U_930,2023-01-25 14:23:23,1812.74,"San Antonio, TX",1
TXN_1126,U_840,2023-01-03 02:51:02,564.17,"San Antonio, TX",0
TXN_1127,U_740,2023-01-23 00:13:45,2472.62,"San Diego, CA",0
TXN_1128,U_850,2023-01-13 01:47:13,279.16,"Los Angeles, CA",0
TXN_1129,U_217,2023-01-13 08:50:32,1084.39,"San Diego, CA",0
TXN_1130,U_984,2023-01-29 14:19:44,3103.1,"Los Angeles, CA",0
TXN_1131,U_803,2023-01-07 06:20:52,1297.03,"Houston, TX",1
TXN_1132,U_175,2023-01-26 01:12:47,177.74,"New York, NY",0
TXN_1133,U_185,2023-01-05 02:46:52,128.38,"San Diego, CA",0
TXN_1134,U_168,2023-01-21 05:33:34,46.58,"Houston, TX",0
TXN_1135,U_849,2023-01-01 21:53:01,1221.24,"Phoenix, AZ",0
TXN_1136,U_303,2023-01-28 19:33:35,107.96,"New York, NY",0
TXN_1137,U_531,2023-01-14 12:55:48,1034.45,"San Diego, CA",1
TXN_1138,U_353,2023-01-13 19:41:17,1915.18,"San Diego, CA",1
TXN_1139,U_621,2023-01-17 07:20:36,2182.54,"Philadelphia, PA",0
TXN_1140,U_279,2023-01-30 06:55:26,20.42,"New York, NY",0
TXN_1141,U_758,2023-01-11 06:27:05,700.23,"Philadelphia, PA",0
TXN_1142,U_424,2023-01-19 09:27:08,182.85,"Los Angeles, CA",0
TXN_1143,U_891,2023-01-27 10:58:23,1033.39,"San Antonio, TX",0
TXN_1144,U_596,2023-01-01 13:38:35,886.35,"New York, NY",0
TXN_1145,U_574,2023-01-09 08:29:07,861.78,"Philadelphia, PA",0
TXN_1146,U_789,2023-01-07 04:57:06,1825.83,"New York, NY",1
TXN_1147,U_526,2023-01-03 21:51:32,988.34,"San Antonio, TX",0
TXN_1148,U_676,2023-01-13 13:54:40,1201.07,"Phoenix, AZ",1
TXN_1149,U_655,2023-01-27 00:43:08,76.88,"San Antonio, TX",0
TXN_1150,U_706,2023-01-16 05:01:33,23.39,"Phoenix, AZ",0
TXN_1151,U_598,2023-01-05 11:09:37,1153.87,"Phoenix, AZ",0
TXN_1152,U_948,2023-01-23 07:55:05,389.16,"Phoenix, AZ",0
TXN_1153,U_701,2023-01-01 18:19:13,307.04,"Chicago, IL",0
TXN_1154,U_295,2023-01-26 05:31:37,1198.16,"Phoenix, AZ",0
TXN_1155,U_592,2023-01-07 04:47:06,2104.42,"Philadelphia, PA",0
TXN_1156,U_519,2023-01-06 23:32:51,200.33,"Chicago, IL",0
TXN_1157,U_556,2023-01-08 23:58:15,1649.21,"San Diego, CA",0
TXN_1158,U_788,2023-01-11 01:31:14,732.08,"Houston, TX",1
TXN_1159,U_763,2023-01-05 15:16:13,830.23,"New York, NY",0
TXN_1160,U_879,2023-01-15 01:44:16,1143.95,"Chicago, IL",0
TXN_1161,U_378,2023-01-30 01:42:00,479.38,"New York, NY",0
TXN_1162,U_980,2023-01-19 08:54:21,691.29,"Philadelphia, PA",0
TXN_1163,U_828,2023-01-01 18:23:54,110.34,"San Antonio, TX",0
TXN_1164,U_711,2023-01-05 17:53:15,3188.06,"Houston, TX",0
TXN_1165,U_175,2023-01-21 12:43:52,389.65,"San Antonio, TX",0
TXN_1166,U_817,2023-01-01 14:25:34,3012.95,"San Antonio, TX",0
TXN_1167,U_950,2023-01-01 01:31:26,91.96,"Houston, TX",0
TXN_1168,U_168,2023-01-13 00:44:18,927.41,"Houston, TX",0
TXN_1169,U_990,2023-01-21 22:44:51,2927.38,"San Antonio, TX",0
TXN_1170,U_243,2023-01-28 14:54:48,125.43,"Philadelphia, PA",0
TXN_1171,U_792,2023-01-14 21:39:53,3664.25,"Phoenix, AZ",0
TXN_1172,U_497,2023-01-11 07:04:25,587.56,"New York, NY",0
TXN_1173,U_314,2023-01-01 20:41:00,437.19,"New York, NY",0
TXN_1174,U_757,2023-01-21 13:23:23,1760.85,"Phoenix, AZ",1
TXN_1175,U_352,2023-01-30 08:03:49,92.86,"Chicago, IL",0
TXN_1176,U_752,2023-01-25 17:23:53,510.26,"Chicago, IL",0
TXN_1177,U_894,2023-01-10 07:44:57,163.53,"Philadelphia, PA",0
TXN_1178,U_128,2023-01-16 11:34:42,875.61,"Houston, TX",0
TXN_1179,U_464,2023-01-27 02:17:36,2128.27,"Philadelphia, PA",0
TXN_1180,U_756,2023-01-24 05:19:02,4273.77,"Chicago, IL",0
TXN_1181,U_231,2023-01-15 01:39:17,1236.62,"New York, NY",0
TXN_1182,U_886,2023-01-03 21:04:43,822.36,"San Diego, CA",0
TXN_1183,U_190,2023-01-06 04:32:25,405.85,"Chicago, IL",0
TXN_1184,U_225,2023-01-22 18:04:50,297.6,"New York, NY",0
TXN_1185,U_853,2023-01-10 03:29:01,62.95,"Philadelphia, PA",0
TXN_1186,U_575,2023-01-30 11:49:27,130.03,"Los Angeles, CA",0
TXN_1187,U_460,2023-01-04 12:44:22,1375.6,"San Antonio, TX",0
TXN_1188,U_447,2023-01-13 20:23:25,516.2,"Chicago, IL",0
TXN_1189,U_607,2023-01-28 15:08:32,307.53,"Houston, TX",1
TXN_1190,U_233,2023-01-18 11:17:13,17.23,"San Diego, CA",0
TXN_1191,U_771,2023-01-17 22:48:12,49.12,"Phoenix, AZ",0
TXN_1192,U_248,2023-01-22 11:26:07,1057.14,"New York, NY",1
TXN_1193,U_863,2023-01-28 13:23:48,296.68,"New York, NY",0
TXN_1194,U_758,2023-01-28 11:12:19,83.43,"Chicago, IL",0
TXN_1195,U_146,2023-01-25 11:26:32,249.38,"Philadelphia, PA",0
TXN_1196,U_242,2023-01-22 20:20:46,5485.17,"Phoenix, AZ",0
TXN_1197,U_665,2023-01-17 09:37:57,489.84,"Philadelphia, PA",0
TXN_1198,U_570,2023-01-27 01:45:28,2902.1,"New York, NY",1
TXN_1199,U_835,2023-01-13 06:19:59,2214.68,"Chicago, IL",0
TXN_1200,U_507,2023-01-01 18:23:23,413.96,"San Diego, CA",0
TXN_1201,U_221,2023-01-19 02:14:59,628.06,"Phoenix, AZ",0
TXN_1202,U_797,2023-01-16 13:20:27,85.92,"San Diego, CA",0
TXN_1203,U_140,2023-01-10 03:47:47,4288.87,"Chicago, IL",0
TXN_1204,U_601,2023-01-05 10:38:54,773.08,"New York, NY",0
TXN_1205,U_823,2023-01-13 01:41:32,1159.33,"Chicago, IL",0
TXN_1206,U_657,2023-01-02 10:00:02,1733.99,"Los Angeles, CA",0
TXN_1207,U_693,2023-01-07 15:21:35,875.27,"Chicago, IL",0
TXN_1208,U_549,2023-01-06 12:46:47,2097.82,"Chicago, IL",0
TXN_1209,U_350,2023-01-15 18:05:32,1085.13,"Houston, TX",1
TXN_1210,U_473,2023-01-01 07:41:52,997.64,"Phoenix, AZ",1
TXN_1211,U_276,2023-01-19 22:12:36,1389.61,"San Antonio, TX",0
TXN_1212,U_316,2023-01-10 08:05:41,1772.05,"Phoenix, AZ",0
TXN_1213,U_788,2023-01-22 18:39:08,70.62,"Houston, TX",0
TXN_1214,U_204,2023-01-04 03:14:06,324.39,"Houston, TX",0
TXN_1215,U_922,2023-01-24 02:14:29,1989.73,"Houston, TX",1
TXN_1216,U_962,2023-01-27 23:55:17,2448.75,"Houston, TX",0
TXN_1217,U_122,2023-01-22 12:15:32,1300.07,"Los Angeles, CA",0
TXN_1218,U_813,2023-01-02 21:21:13,479.57,"Houston, TX",0
TXN_1219,U_184,2023-01-18 08:09:49,234.47,"Phoenix, AZ",0
TXN_1220,U_100,2023-01-16 19:04:12,936.85,"San Antonio, TX",0
TXN_1221,U_545,2023-01-15 11:08:48,1118.83,"Phoenix, AZ",0
TXN_1222,U_899,2023-01-02 01:36:33,448.42,"New York, NY",0
TXN_1223,U_171,2023-01-06 21:09:13,739.61,"Chicago, IL",0
TXN_1224,U_217,2023-01-16 17:57:22,1106.31,"Los Angeles, CA",1
TXN_1225,U_153,2023-01-10 22:59:55,828.11,"Philadelphia, PA",0
TXN_1226,U_833,2023-01-09 01:56:08,1762.49,"New York, NY",1
TXN_1227,U_402,2023-01-13 15:33:34,1540.58,"New York, NY",0
TXN_1228,U_677,2023-01-18 18:07:06,244.48,"Philadelphia, PA",0
TXN_1229,U_521,2023-01-04 18:55:59,19.65,"Houston, TX",0
TXN_1230,U_905,2023-01-04 16:12:17,1017.37,"Phoenix, AZ",0
TXN_1231,U_434,2023-01-10 00:52:02,2757.06,"San Diego, CA",1
TXN_1232,U_348,2023-01-16 18:55:33,604.49,"Phoenix, AZ",0
TXN_1233,U_434,2023-01-03 21:41:15,358.76,"New York, NY",0
TXN_1234,U_205,2023-01-03 22:24:50,1201.14,"Phoenix, AZ",0
TXN_1235,U_896,2023-01-30 06:49:39,619.98,"Chicago, IL",0
TXN_1236,U_500,2023-01-19 01:08:32,303.74,"Los Angeles, CA",0
TXN_1237,U_168,2023-01-27 20:42:09,974.71,"San Diego, CA",0
TXN_1238,U_549,2023-01-08 06:41:01,1008.49,"Los Angeles, CA",0
TXN_1239,U_851,2023-01-08 15:46:54,142.98,"Houston, TX",0
TXN_1240,U_282,2023-01-27 14:53:18,1135.33,"San Antonio, TX",1
TXN_1241,U_459,2023-01-11 13:24:19,429.14,"Houston, TX",0
TXN_1242,U_294,2023-01-15 14:57:35,647.38,"Los Angeles, CA",0
TXN_1243,U_192,2023-01-23 13:46:07,194.13,"Philadelphia, PA",0
TXN_1244,U_733,2023-01-11 18:00:18,46.73,"San Diego, CA",0
TXN_1245,U_104,2023-01-18 16:48:17,331.55,"New York, NY",0
TXN_1246,U_928,2023-01-28 13:45:57,97.89,"San Antonio, TX",0
TXN_1247,U_612,2023-01-13 02:52:52,622.63,"Los Angeles, CA",0
TXN_1248,U_445,2023-01-01 14:22:25,142.82,"San Antonio, TX",0
TXN_1249,U_829,2023-01-15 14:24:26,45.11,"Chicago, IL",0
TXN_1250,U_348,2023-01-15 03:41:09,90.3,"San Antonio, TX",0
TXN_1251,U_449,2023-01-17 13:05:51,68.02,"San Antonio, TX",0
TXN_1252,U_125,2023-01-07 19:29:39,1645.94,"Philadelphia, PA",0
TXN_1253,U_724,2023-01-30 17:54:42,208.98,"San Antonio, TX",0
TXN_1254,U_818,2023-01-23 18:13:02,467.79,"Houston, TX",0
TXN_1255,U_825,2023-01-05 12:13:13,1431.93,"Chicago, IL",0
TXN_1256,U_177,2023-01-20 21:58:04,69.37,"Philadelphia, PA",0
TXN_1257,U_798,2023-01-25 01:13:27,147.85,"Philadelphia, PA",0
TXN_1258,U_102,2023-01-30 11:13:46,764.53,"San Antonio, TX",0
TXN_1259,U_373,2023-01-08 07:04:25,442.18,"Phoenix, AZ",0
TXN_1260,U_982,2023-01-15 01:38:22,115.79,"San Diego, CA",0
TXN_1261,U_730,2023-01-17 10:56:36,206.24,"New York, NY",0
TXN_1262,U_138,2023-01-26 09:03:34,98.44,"Los Angeles, CA",0
TXN_1263,U_225,2023-01-08 15:02:36,905.4,"San Antonio, TX",0
TXN_1264,U_679,2023-01-06 09:43:30,1051.46,"San Diego, CA",0
TXN_1265,U_245,2023-01-01 07:25:34,882.55,"San Diego, CA",0
TXN_1266,U_569,2023-01-07 05:13:18,1373.22,"San Antonio, TX",0
TXN_1267,U_468,2023-01-01 06:27:55,141.48,"Philadelphia, PA",0
TXN_1268,U_524,2023-01-27 11:37:08,456.11,"Philadelphia, PA",0
TXN_1269,U_381,2023-01-07 15:05:35,850.78,"Los Angeles, CA",0
TXN_1270,U_414,2023-01-10 07:14:52,406.0,"Los Angeles, CA",0
TXN_1271,U_476,2023-01-11 22:26:29,260.32,"Los Angeles, CA",0
TXN_1272,U_681,2023-01-26 02:37:35,180.16,"New York, NY",0
TXN_1273,U_942,2023-01-10 23:35:57,195.4,"Chicago, IL",0
TXN_1274,U_922,2023-01-26 16:59:52,88.64,"San Antonio, TX",0
TXN_1275,U_342,2023-01-12 23:00:55,1198.9,"Los Angeles, CA",0
TXN_1276,U_322,2023-01-07 06:11:17,512.26,"Philadelphia, PA",0
TXN_1277,U_831,2023-01-21 01:18:02,2756.24,"Phoenix, AZ",1
TXN_1278,U_217,2023-01-05 11:45:52,679.81,"Los Angeles, CA",0
TXN_1279,U_673,2023-01-07 01:52:14,770.8,"San Antonio, TX",0
TXN_1280,U_125,2023-01-26 20:44:53,3446.83,"San Diego, CA",0
TXN_1281,U_935,2023-01-15 07:48:35,713.48,"San Diego, CA",0
TXN_1282,U_212,2023-01-28 00:00:11,126.98,"Los Angeles, CA",0
TXN_1283,U_189,2023-01-11 00:15:09,345.56,"New York, NY",0
TXN_1284,U_904,2023-01-13 03:48:13,172.66,"Phoenix, AZ",0
TXN_1285,U_967,2023-01-17 09:20:12,765.55,"San Antonio, TX",0
TXN_1286,U_772,2023-01-05 11:12:05,415.38,"New York, NY",0
TXN_1287,U_109,2023-01-05 15:58:01,4718.2,"San Diego, CA",1
TXN_1288,U_267,2023-01-16 02:50:41,96.97,"San Antonio, TX",0
TXN_1289,U_418,2023-01-23 23:28:16,129.09,"Los Angeles, CA",0
TXN_1290,U_649,2023-01-18 02:34:10,434.04,"Philadelphia, PA",0
TXN_1291,U_916,2023-01-08 00:50:12,1780.61,"Phoenix, AZ",0
TXN_1292,U_335,2023-01-16 16:00:49,137.73,"New York, NY",0
TXN_1293,U_475,2023-01-29 06:50:51,481.79,"Philadelphia, PA",0
TXN_1294,U_612,2023-01-13 15:28:21,54.29,"Houston, TX",0
TXN_1295,U_448,2023-01-07 03:51:35,2092.92,"San Diego, CA",1
TXN_1296,U_369,2023-01-29 08:02:37,1748.73,"New York, NY",0
TXN_1297,U_264,2023-01-07 01:04:04,273.78,"Los Angeles, CA",0
TXN_1298,U_177,2023-01-22 11:26:59,385.08,"San Antonio, TX",0
TXN_1299,U_141,2023-01-19 03:18:41,1701.08,"Phoenix, AZ",0
TXN_1300,U_394,2023-01-13 14:18:07,626.16,"Chicago, IL",0
TXN_1301,U_521,2023-01-27 19:08:06,582.58,"Houston, TX",0
TXN_1302,U_764,2023-01-08 23:29:36,501.73,"Houston, TX",0
TXN_1303,U_920,2023-01-12 00:59:19,265.1,"Chicago, IL",0
TXN_1304,U_138,2023-01-19 20:09:41,409.69,"New York, NY",0
TXN_1305,U_278,2023-01-18 19:23:21,154.98,"Chicago, IL",0
TXN_1306,U_114,2023-01-16 05:35:28,767.41,"Philadelphia, PA",0
TXN_1307,U_330,2023-01-26 09:57:55,6076.64,"Chicago, IL",0
TXN_1308,U_540,2023-01-10 20:58:08,1232.52,"Houston, TX",0
TXN_1309,U_510,2023-01-28 08:00:32,39.11,"Los Angeles, CA",0
TXN_1310,U_697,2023-01-10 18:53:53,2176.41,"Los Angeles, CA",1
TXN_1311,U_941,2023-01-15 03:52:00,113.61,"San Antonio, TX",0
TXN_1312,U_258,2023-01-27 14:55:19,931.23,"Houston, TX",0
TXN_1313,U_114,2023-01-21 21:31:08,781.23,"Los Angeles, CA",0
TXN_1314,U_256,2023-01-29 11:28:11,1992.89,"Phoenix, AZ",1
TXN_1315,U_194,2023-01-30 06:47:14,838.58,"San Antonio, TX",0
TXN_1316,U_893,2023-01-20 17:06:34,429.18,"Houston, TX",0
TXN_1317,U_110,2023-01-05 11:52:29,2395.88,"San Antonio, TX",0
TXN_1318,U_649,2023-01-23 21:44:39,555.95,"Phoenix, AZ",0
TXN_1319,U_445,2023-01-01 21:07:57,1276.38,"New York, NY",1
TXN_1320,U_240,2023-01-23 02:05:27,1431.99,"Chicago, IL",1
TXN_1321,U_715,2023-01-03 15:56:43,903.85,"Chicago, IL",0
TXN_1322,U_455,2023-01-18 23:35:31,1566.05,"New York, NY",0
TXN_1323,U_904,2023-01-11 07:24:55,1058.74,"Philadelphia, PA",0
TXN_1324,U_703,2023-01-21 11:27:26,938.22,"Phoenix, AZ",0
TXN_1325,U_150,2023-01-06 18:31:56,115.09,"Chicago, IL",0
TXN_1326,U_396,2023-01-27 08:15:06,1517.36,"Los Angeles, CA",1
TXN_1327,U_712,2023-01-24 04:12:04,185.95,"New York, NY",0
TXN_1328,U_519,2023-01-29 16:03:34,2541.31,"Chicago, IL",0
TXN_1329,U_930,2023-01-15 02:04:38,262.99,"San Antonio, TX",0
TXN_1330,U_760,2023-01-20 20:33:50,61.32,"Chicago, IL",0
TXN_1331,U_236,2023-01-25 22:31:37,1628.81,"Chicago, IL",0
TXN_1332,U_216,2023-01-11 05:39:37,410.71,"Chicago, IL",0
TXN_1333,U_674,2023-01-22 23:25:39,775.88,"Houston, TX",0
TXN_1334,U_174,2023-01-06 09:38:45,430.18,"San Diego, CA",0
TXN_1335,U_309,2023-01-19 07:18:50,1342.51,"Chicago, IL",0
TXN_1336,U_628,2023-01-08 15:55:43,259.38,"Chicago, IL",0
TXN_1337,U_975,2023-01-12 12:48:50,290.32,"Philadelphia, PA",0
TXN_1338,U_124,2023-01-16 22:50:46,185.94,"Houston, TX",0
TXN_1339,U_600,2023-01-05 10:25:52,1521.38,"Philadelphia, PA",0
TXN_1340,U_761,2023-01-19 10:12:41,18.18,"Los Angeles, CA",0
TXN_1341,U_568,2023-01-27 02:38:40,201.06,"Houston, TX",0
TXN_1342,U_183,2023-01-01 05:30:16,165.95,"Chicago, IL",0
TXN_1343,U_729,2023-01-14 22:36:05,94.21,"Philadelphia, PA",0
TXN_1344,U_800,2023-01-13 00:34:56,361.1,"Los Angeles, CA",0
TXN_1345,U_835,2023-01-02 13:05:54,240.6,"San Diego, CA",0
TXN_1346,U_822,2023-01-04 01:23:43,1040.55,"Chicago, IL",1
TXN_1347,U_528,2023-01-20 06:01:01,1816.34,"San Antonio, TX",0
TXN_1348,U_118,2023-01-14 20:48:17,353.2,"Los Angeles, CA",0
TXN_1349,U_470,2023-01-09 03:27:42,755.03,"Los Angeles, CA",0
TXN_1350,U_601,2023-01-17 13:21:31,661.02,"Houston, TX",0
TXN_1351,U_321,2023-01-04 11:31:49,2197.69,"Phoenix, AZ",1
TXN_1352,U_996,2023-01-19 19:29:11,1983.95,"Philadelphia, PA",0
TXN_1353,U_970,2023-01-16 17:38:10,472.3,"Los Angeles, CA",0
TXN_1354,U_557,2023-01-23 02:43:57,752.77,"Philadelphia, PA",0
TXN_1355,U_186,2023-01-21 16:05:10,174.78,"Philadelphia, PA",0
TXN_1356,U_277,2023-01-15 12:56:22,297.88,"San Antonio, TX",0
TXN_1357,U_542,2023-01-09 21:54:04,908.99,"Houston, TX",0
TXN_1358,U_860,2023-01-06 12:54:06,997.68,"Los Angeles, CA",1
TXN_1359,U_708,2023-01-05 00:35:39,277.05,"Chicago, IL",0
TXN_1360,U_517,2023-01-01 09:41:51,4490.5,"Phoenix, AZ",0
TXN_1361,U_387,2023-01-12 07:40:39,1649.29,"San Diego, CA",0
TXN_1362,U_551,2023-01-04 16:01:55,1107.88,"New York, NY",0
TXN_1363,U_568,2023-01-08 01:46:53,351.93,"Chicago, IL",0
TXN_1364,U_106,2023-01-22 06:57:13,94.39,"Houston, TX",0
TXN_1365,U_250,2023-01-24 10:56:20,31.89,"Los Angeles, CA",0
TXN_1366,U_480,2023-01-24 05:45:54,879.77,"Chicago, IL",0
TXN_1367,U_799,2023-01-05 15:38:41,2419.9,"Philadelphia, PA",0
TXN_1368,U_808,2023-01-02 00:25:55,414.27,"San Antonio, TX",0
TXN_1369,U_485,2023-01-23 10:17:58,39.83,"New York, NY",0
TXN_1370,U_631,2023-01-07 05:41:24,428.41,"Philadelphia, PA",0
TXN_1371,U_355,2023-01-15 09:14:05,455.61,"Los Angeles, CA",0
TXN_1372,U_152,2023-01-26 20:55:07,252.83,"Phoenix, AZ",0
TXN_1373,U_605,2023-01-23 23:04:11,155.95,"Houston, TX",0
TXN_1374,U_813,2023-01-18 05:54:37,673.32,"Houston, TX",0
TXN_1375,U_826,2023-01-03 12:20:15,206.02,"Chicago, IL",0
TXN_1376,U_981,2023-01-01 09:59:14,723.38,"Phoenix, AZ",0
TXN_1377,U_620,2023-01-11 06:07:20,303.25,"San Antonio, TX",0
TXN_1378,U_857,2023-01-26 23:51:49,1909.39,"Chicago, IL",1
TXN_1379,U_765,2023-01-15 21:23:05,2313.32,"Houston, TX",0
TXN_1380,U_709,2023-01-29 04:03:48,23.56,"Houston, TX",0
TXN_1381,U_245,2023-01-19 03:14:07,130.28,"Los Angeles, CA",0
TXN_1382,U_455,2023-01-03 04:20:56,441.28,"Philadelphia, PA",1
TXN_1383,U_776,2023-01-03 15:28:24,693.09,"Chicago, IL",0
TXN_1384,U_687,2023-01-19 05:21:26,117.7,"San Diego, CA",0
TXN_1385,U_441,2023-01-09 07:05:56,311.1,"San Antonio, TX",0
TXN_1386,U_386,2023-01-15 04:41:16,1098.73,"Houston, TX",0
TXN_1387,U_554,2023-01-03 14:15:37,2463.21,"Houston, TX",0
TXN_1388,U_575,2023-01-21 01:28:29,736.72,"Los Angeles, CA",0
TXN_1389,U_675,2023-01-18 16:25:37,186.86,"Philadelphia, PA",0
TXN_1390,U_462,2023-01-25 12:25:24,929.2,"Houston, TX",0
TXN_1391,U_893,2023-01-09 04:46:02,345.65,"Los Angeles, CA",0
TXN_1392,U_611,2023-01-24 14:13:55,1274.56,"Phoenix, AZ",0
TXN_1393,U_906,2023-01-03 15:21:11,1037.64,"San Antonio, TX",1
TXN_1394,U_154,2023-01-30 02:11:58,3086.01,"Los Angeles, CA",0
TXN_1395,U_505,2023-01-08 11:13:08,666.17,"San Antonio, TX",0
TXN_1396,U_861,2023-01-28 02:33:55,181.75,"San Diego, CA",0
TXN_1397,U_343,2023-01-14 13:06:05,3111.36,"Phoenix, AZ",0
TXN_1398,U_581,2023-01-15 04:49:12,1478.65,"New York, NY",0
TXN_1399,U_600,2023-01-19 14:21:12,1225.53,"San Diego, CA",0
TXN_1400,U_715,2023-01-13 18:38:33,1522.6,"New York, NY",1
TXN_1401,U_230,2023-01-30 05:13:08,7.34,"New York, NY",0
TXN_1402,U_534,2023-01-19 10:37:25,1271.16,"Phoenix, AZ",1
TXN_1403,U_712,2023-01-16 23:25:46,3277.77,"Philadelphia, PA",0
TXN_1404,U_116,2023-01-03 02:09:13,1177.99,"San Antonio, TX",0
TXN_1405,U_596,2023-01-28 23:13:50,95.7,"San Diego, CA",0
TXN_1406,U_691,2023-01-29 19:51:46,2082.61,"Los Angeles, CA",1
TXN_1407,U_180,2023-01-29 20:15:18,1292.73,"Chicago, IL",0
TXN_1408,U_809,2023-01-06 08:54:31,292.24,"Los Angeles, CA",0
TXN_1409,U_188,2023-01-09 23:23:55,255.01,"Los Angeles, CA",0
TXN_1410,U_588,2023-01-19 02:38:38,50.17,"Los Angeles, CA",0
TXN_1411,U_115,2023-01-23 01:15:50,7348.94,"Chicago, IL",0
TXN_1412,U_893,2023-01-28 22:59:32,645.95,"Houston, TX",0
TXN_1413,U_490,2023-01-21 03:38:54,1200.41,"Philadelphia, PA",0
TXN_1414,U_236,2023-01-11 17:57:06,2587.25,"Phoenix, AZ",0
TXN_1415,U_597,2023-01-21 21:02:20,647.86,"Houston, TX",0
TXN_1416,U_471,2023-01-04 06:12:50,389.34,"New York, NY",0
TXN_1417,U_589,2023-01-01 18:22:30,42.71,"New York, NY",0
TXN_1418,U_258,2023-01-22 20:16:23,266.38,"San Antonio, TX",0
TXN_1419,U_287,2023-01-30 11:38:20,85.08,"San Diego, CA",0
TXN_1420,U_904,2023-01-02 13:14:15,586.66,"Chicago, IL",0
TXN_1421,U_463,2023-01-09 01:25:58,383.76,"Chicago, IL",0
TXN_1422,U_596,2023-01-16 16:27:47,2065.1,"Los Angeles, CA",1
TXN_1423,U_821,2023-01-12 17:02:07,561.55,"San Diego, CA",0
TXN_1424,U_207,2023-01-27 17:23:09,545.44,"Philadelphia, PA",0
TXN_1425,U_838,2023-01-06 07:34:57,26.5,"San Antonio, TX",0
TXN_1426,U_858,2023-01-09 16:34:25,3640.99,"San Antonio, TX",1
TXN_1427,U_990,2023-01-07 06:10:59,59.12,"San Antonio, TX",0
TXN_1428,U_576,2023-01-25 05:29:33,1454.69,"San Antonio, TX",1
TXN_1429,U_371,2023-01-11 01:42:03,4510.4,"San Antonio, TX",1
TXN_1430,U_458,2023-01-03 21:29:55,1342.82,"New York, NY",0
TXN_1431,U_788,2023-01-07 02:12:18,634.82,"Houston, TX",0
TXN_1432,U_475,2023-01-07 10:38:21,1921.11,"Los Angeles, CA",0
TXN_1433,U_245,2023-01-11 09:43:25,894.43,"New York, NY",0
TXN_1434,U_531,2023-01-15 16:54:24,2416.72,"Chicago, IL",0
TXN_1435,U_684,2023-01-05 14:28:30,490.04,"Chicago, IL",0
TXN_1436,U_443,2023-01-21 14:03:47,251.23,"Phoenix, AZ",0
TXN_1437,U_904,2023-01-11 13:10:20,304.73,"San Diego, CA",0
TXN_1438,U_479,2023-01-30 06:12:21,4040.92,"Chicago, IL",0
TXN_1439,U_418,2023-01-20 16:32:45,923.29,"San Diego, CA",0
TXN_1440,U_161,2023-01-07 11:15:24,4531.81,"San Antonio, TX",0
TXN_1441,U_810,2023-01-27 12:13:55,268.54,"Phoenix, AZ",0
TXN_1442,U_759,2023-01-12 13:29:34,267.1,"Houston, TX",0
TXN_1443,U_342,2023-01-12 00:21:01,267.24,"Philadelphia, PA",0
TXN_1444,U_325,2023-01-15 23:46:00,254.08,"Houston, TX",0
TXN_1445,U_852,2023-01-12 21:09:13,1517.24,"Phoenix, AZ",0
TXN_1446,U_873,2023-01-12 05:00:52,998.65,"Chicago, IL",0
TXN_1447,U_826,2023-01-01 21:21:38,914.5,"Phoenix, AZ",0
TXN_1448,U_852,2023-01-04 08:05:16,306.42,"Los Angeles, CA",0
TXN_1449,U_518,2023-01-22 04:12:33,924.67,"Los Angeles, CA",1
TXN_1450,U_315,2023-01-21 01:19:27,627.47,"San Diego, CA",0
TXN_1451,U_880,2023-01-10 04:28:39,1382.82,"Houston, TX",0
TXN_1452,U_188,2023-01-09 06:38:00,2258.05,"Los Angeles, CA",0
TXN_1453,U_456,2023-01-20 22:13:30,2104.32,"San Diego, CA",0
TXN_1454,U_422,2023-01-25 18:39:54,143.7,"San Antonio, TX",0
TXN_1455,U_748,2023-01-22 10:36:50,3120.68,"San Diego, CA",0
TXN_1456,U_431,2023-01-14 05:29:13,1663.19,"Phoenix, AZ",0
TXN_1457,U_139,2023-01-04 18:48:36,1333.83,"Chicago, IL",0
TXN_1458,U_325,2023-01-13 10:22:15,296.22,"Phoenix, AZ",0
TXN_1459,U_137,2023-01-20 23:21:30,1290.26,"Los Angeles, CA",0
TXN_1460,U_701,2023-01-19 16:32:17,89.52,"Los Angeles, CA",0
TXN_1461,U_415,2023-01-05 15:58:39,1154.67,"Houston, TX",0
TXN_1462,U_692,2023-01-02 10:59:51,2149.78,"New York, NY",0
TXN_1463,U_417,2023-01-14 02:37:38,1746.15,"Phoenix, AZ",0
TXN_1464,U_667,2023-01-01 03:08:23,1138.25,"San Diego, CA",0
TXN_1465,U_958,2023-01-12 16:26:52,315.65,"Los Angeles, CA",0
TXN_1466,U_361,2023-01-28 09:23:30,2031.17,"New York, NY",0
TXN_1467,U_191,2023-01-06 16:07:22,2804.62,"San Antonio, TX",1
TXN_1468,U_880,2023-01-05 22:25:46,277.71,"Phoenix, AZ",0
TXN_1469,U_792,2023-01-23 12:46:33,116.86,"Phoenix, AZ",0
TXN_1470,U_766,2023-01-20 23:34:30,2795.0,"New York, NY",1
TXN_1471,U_925,2023-01-09 05:07:42,1752.65,"New York, NY",0
TXN_1472,U_493,2023-01-08 20:24:10,264.58,"Phoenix, AZ",0
TXN_1473,U_650,2023-01-08 03:15:29,1708.57,"Chicago, IL",0
TXN_1474,U_817,2023-01-27 04:08:06,219.6,"Chicago, IL",0
TXN_1475,U_624,2023-01-14 00:13:14,3978.16,"San Antonio, TX",0
TXN_1476,U_116,2023-01-02 21:17:18,477.72,"San Diego, CA",0
TXN_1477,U_547,2023-01-16 21:49:32,1518.43,"Phoenix, AZ",0
TXN_1478,U_425,2023-01-07 22:48:50,2121.41,"New York, NY",1
TXN_1479,U_332,2023-01-06 00:57:03,1838.34,"Houston, TX",0
TXN_1480,U_511,2023-01-20 06:17:01,1406.2,"San Antonio, TX",0
TXN_1481,U_377,2023-01-20 04:11:11,1478.4,"San Diego, CA",0
TXN_1482,U_423,2023-01-10 01:31:06,186.97,"Houston, TX",0
TXN_1483,U_623,2023-01-29 01:06:24,1681.68,"Chicago, IL",1
TXN_1484,U_121,2023-01-24 15:29:59,51.82,"Houston, TX",0
TXN_1485,U_405,2023-01-14 11:19:10,3474.84,"Los Angeles, CA",0
TXN_1486,U_775,2023-01-06 14:28:10,144.36,"Philadelphia, PA",0
TXN_1487,U_480,2023-01-09 14:13:26,72.88,"Houston, TX",0
TXN_1488,U_132,2023-01-19 07:04:37,469.95,"Houston, TX",0
TXN_1489,U_558,2023-01-03 15:08:06,1124.41,"Chicago, IL",1
TXN_1490,U_837,2023-01-03 16:38:52,2892.84,"New York, NY",0
TXN_1491,U_198,2023-01-11 16:40:44,1930.59,"Chicago, IL",0
TXN_1492,U_370,2023-01-17 01:10:52,1258.36,"San Antonio, TX",1
TXN_1493,U_229,2023-01-18 23:41:34,1267.0,"Houston, TX",1
TXN_1494,U_558,2023-01-18 04:50:05,168.76,"Chicago, IL",0
TXN_1495,U_703,2023-01-13 18:04:04,2407.68,"New York, NY",0
TXN_1496,U_968,2023-01-07 15:13:09,1432.51,"San Antonio, TX",0
TXN_1497,U_552,2023-01-29 19:01:22,378.9,"Philadelphia, PA",0
TXN_1498,U_669,2023-01-28 01:38:03,1554.89,"San Diego, CA",1
TXN_1499,U_262,2023-01-15 21:28:56,1260.0,"Houston, TX",0
TXN_1500,U_885,2023-01-05 23:49:34,642.77,"Los Angeles, CA",0
TXN_1501,U_638,2023-01-21 21:04:07,178.46,"San Antonio, TX",0
TXN_1502,U_756,2023-01-18 02:37:16,1503.78,"San Diego, CA",0
TXN_1503,U_690,2023-01-29 06:24:26,1867.93,"San Diego, CA",0
TXN_1504,U_298,2023-01-13 02:48:34,1598.55,"San Antonio, TX",0
TXN_1505,U_792,2023-01-22 20:11:46,210.13,"Houston, TX",0
TXN_1506,U_626,2023-01-04 19:55:04,6.23,"San Diego, CA",0
TXN_1507,U_554,2023-01-10 05:39:28,939.73,"Chicago, IL",0
TXN_1508,U_951,2023-01-17 09:00:21,260.59,"Phoenix, AZ",0
TXN_1509,U_930,2023-01-08 13:40:37,877.21,"Los Angeles, CA",0
TXN_1510,U_216,2023-01-21 21:17:53,1602.31,"San Diego, CA",0
TXN_1511,U_494,2023-01-08 01:26:36,167.03,"Chicago, IL",0
TXN_1512,U_888,2023-01-10 00:15:13,1145.86,"San Antonio, TX",0
TXN_1513,U_437,2023-01-23 04:51:57,3681.95,"Los Angeles, CA",0
TXN_1514,U_265,2023-01-12 02:26:32,2172.99,"Los Angeles, CA",1
TXN_1515,U_524,2023-01-28 15:43:03,2083.39,"Houston, TX",1
TXN_1516,U_187,2023-01-21 14:14:00,282.13,"Philadelphia, PA",0
TXN_1517,U_988,2023-01-30 10:17:17,158.73,"Phoenix, AZ",0
TXN_1518,U_691,2023-01-20 07:40:11,1217.22,"San Antonio, TX",0
TXN_1519,U_813,2023-01-21 14:03:19,14.82,"Phoenix, AZ",0
TXN_1520,U_964,2023-01-07 15:17:21,769.09,"Chicago, IL",0
TXN_1521,U_844,2023-01-03 00:54:36,91.11,"Phoenix, AZ",0
TXN_1522,U_688,2023-01-23 13:02:43,447.86,"San Diego, CA",0
TXN_1523,U_202,2023-01-08 20:32:38,229.22,"Philadelphia, PA",0
TXN_1524,U_221,2023-01-08 12:56:46,228.33,"Los Angeles, CA",0
TXN_1525,U_986,2023-01-24 01:04:43,115.45,"Philadelphia, PA",0
TXN_1526,U_416,2023-01-21 22:18:42,2378.49,"San Antonio, TX",1
TXN_1527,U_873,2023-01-20 13:38:16,58.37,"Phoenix, AZ",0
TXN_1528,U_515,2023-01-01 09:15:20,1239.64,"New York, NY",0
TXN_1529,U_363,2023-01-05 05:12:39,1257.07,"Phoenix, AZ",0
TXN_1530,U_417,2023-01-11 21:59:47,419.68,"Los Angeles, CA",0
TXN_1531,U_350,2023-01-02 03:58:54,88.51,"Chicago, IL",0
TXN_1532,U_183,2023-01-14 06:38:07,798.17,"Chicago, IL",0
TXN_1533,U_413,2023-01-09 10:38:17,886.67,"San Antonio, TX",1
TXN_1534,U_908,2023-01-08 04:02:49,582.33,"San Antonio, TX",0
TXN_1535,U_111,2023-01-02 15:16:38,1691.66,"Chicago, IL",1
TXN_1536,U_400,2023-01-26 05:38:58,252.45,"San Antonio, TX",0
TXN_1537,U_666,2023-01-23 16:03:57,415.82,"Los Angeles, CA",0
TXN_1538,U_832,2023-01-04 01:28:20,1080.02,"Phoenix, AZ",0
TXN_1539,U_406,2023-01-27 19:55:23,815.5,"Philadelphia, PA",0
TXN_1540,U_822,2023-01-15 02:04:20,5613.63,"Philadelphia, PA",0
TXN_1541,U_972,2023-01-06 14:33:30,1055.75,"Houston, TX",0
TXN_1542,U_813,2023-01-27 21:07:46,254.18,"Phoenix, AZ",0
TXN_1543,U_306,2023-01-19 03:42:40,2032.02,"San Diego, CA",0
TXN_1544,U_258,2023-01-26 19:13:00,1877.4,"Los Angeles, CA",0
TXN_1545,U_904,2023-01-12 12:37:23,1815.35,"Chicago, IL",1
TXN_1546,U_631,2023-01-04 11:40:07,788.73,"Phoenix, AZ",0
TXN_1547,U_707,2023-01-09 08:08:08,582.35,"Houston, TX",0
TXN_1548,U_216,2023-01-01 08:46:25,1348.83,"Los Angeles, CA",1
TXN_1549,U_434,2023-01-16 11:18:57,1579.82,"Houston, TX",0
TXN_1550,U_394,2023-01-23 21:31:21,5135.12,"San Antonio, TX",1
TXN_1551,U_345,2023-01-03 21:17:54,980.42,"San Diego, CA",0
TXN_1552,U_651,2023-01-04 00:15:16,2291.93,"Chicago, IL",1
TXN_1553,U_893,2023-01-01 05:32:55,524.72,"Phoenix, AZ",0
TXN_1554,U_577,2023-01-12 20:42:19,471.57,"San Antonio, TX",0
TXN_1555,U_101,2023-01-16 13:17:42,537.78,"Phoenix, AZ",0
TXN_1556,U_652,2023-01-08 23:48:13,107.47,"San Diego, CA",0
TXN_1557,U_480,2023-01-08 04:56:45,728.23,"San Diego, CA",0
TXN_1558,U_183,2023-01-09 19:39:45,105.11,"Phoenix, AZ",0
TXN_1559,U_244,2023-01-23 16:40:26,379.18,"Chicago, IL",0
TXN_1560,U_127,2023-01-16 22:52:49,1956.83,"Los Angeles, CA",0
TXN_1561,U_360,2023-01-26 22:46:24,1489.89,"San Diego, CA",0
TXN_1562,U_775,2023-01-05 16:43:24,275.53,"Philadelphia, PA",0
TXN_1563,U_386,2023-01-13 15:41:54,1279.44,"Los Angeles, CA",1
TXN_1564,U_704,2023-01-05 10:18:49,1111.82,"Phoenix, AZ",0
TXN_1565,U_460,2023-01-12 02:35:44,1476.81,"Houston, TX",1
TXN_1566,U_782,2023-01-17 23:01:31,1906.82,"New York, NY",1
TXN_1567,U_985,2023-01-23 11:40:11,42.36,"San Diego, CA",0
TXN_1568,U_786,2023-01-16 08:24:43,648.65,"New York, NY",0
TXN_1569,U_596,2023-01-16 06:49:27,1643.2,"San Diego, CA",0
TXN_1570,U_255,2023-01-06 07:54:54,821.76,"Houston, TX",0
TXN_1571,U_350,2023-01-30 09:41:16,39.79,"San Diego, CA",0
TXN_1572,U_433,2023-01-23 04:22:25,136.22,"Philadelphia, PA",0
TXN_1573,U_392,2023-01-05 02:08:19,58.08,"New York, NY",0
TXN_1574,U_100,2023-01-02 23:15:02,259.51,"Philadelphia, PA",0
TXN_1575,U_584,2023-01-14 23:34:12,97.72,"Philadelphia, PA",0
TXN_1576,U_260,2023-01-20 19:52:16,883.68,"Houston, TX",0
TXN_1577,U_111,2023-01-16 00:17:56,658.73,"Los Angeles, CA",0
TXN_1578,U_350,2023-01-03 20:12:26,22.53,"San Antonio, TX",0
TXN_1579,U_316,2023-01-23 06:33:21,3620.55,"Chicago, IL",0
TXN_1580,U_138,2023-01-16 19:47:03,729.84,"Chicago, IL",0
TXN_1581,U_277,2023-01-01 21:59:01,155.42,"New York, NY",0
TXN_1582,U_483,2023-01-16 13:07:56,159.95,"Los Angeles, CA",0
TXN_1583,U_845,2023-01-24 17:08:11,1124.12,"Phoenix, AZ",0
TXN_1584,U_440,2023-01-08 11:48:16,1317.41,"San Antonio, TX",0
TXN_1585,U_768,2023-01-20 10:18:07,272.31,"Houston, TX",0
TXN_1586,U_594,2023-01-20 11:39:01,299.78,"Phoenix, AZ",0
TXN_1587,U_292,2023-01-12 04:01:58,4376.83,"Philadelphia, PA",1
TXN_1588,U_513,2023-01-06 04:37:05,284.91,"San Diego, CA",0
TXN_1589,U_637,2023-01-18 10:47:10,850.39,"San Antonio, TX",0
TXN_1590,U_687,2023-01-15 03:34:31,2492.24,"San Antonio, TX",1
TXN_1591,U_100,2023-01-23 03:42:22,1080.54,"New York, NY",0
TXN_1592,U_152,2023-01-02 19:54:16,117.71,"Chicago, IL",0
TXN_1593,U_319,2023-01-06 08:33:05,7446.72,"Houston, TX",0
TXN_1594,U_674,2023-01-12 07:41:20,1314.41,"Chicago, IL",1
TXN_1595,U_880,2023-01-08 21:36:08,99.84,"San Diego, CA",0
TXN_1596,U_258,2023-01-09 08:23:04,120.53,"Philadelphia, PA",0
TXN_1597,U_709,2023-01-27 23:08:21,401.06,"Philadelphia, PA",0
TXN_1598,U_713,2023-01-12 08:54:29,2321.44,"Phoenix, AZ",0
TXN_1599,U_496,2023-01-02 19:28:18,2036.8,"Philadelphia, PA",0
TXN_1600,U_740,2023-01-05 13:36:23,357.21,"Phoenix, AZ",0
TXN_1601,U_554,2023-01-13 17:41:40,397.43,"Phoenix, AZ",0
TXN_1602,U_175,2023-01-23 16:59:37,509.47,"Philadelphia, PA",0
TXN_1603,U_927,2023-01-23 10:35:04,912.54,"Phoenix, AZ",0
TXN_1604,U_835,2023-01-11 04:28:32,592.74,"Los Angeles, CA",0
TXN_1605,U_201,2023-01-08 08:08:42,1650.95,"Phoenix, AZ",1
TXN_1606,U_941,2023-01-28 14:27:13,627.68,"Chicago, IL",0
TXN_1607,U_102,2023-01-19 11:11:16,2910.21,"Philadelphia, PA",1
TXN_1608,U_549,2023-01-09 15:36:59,30.98,"Philadelphia, PA",0
TXN_1609,U_253,2023-01-26 20:16:24,483.35,"San Antonio, TX",0
TXN_1610,U_403,2023-01-05 16:26:12,287.46,"Chicago, IL",0
TXN_1611,U_839,2023-01-25 00:30:06,506.48,"Los Angeles, CA",0
TXN_1612,U_442,2023-01-25 03:30:13,1378.87,"Houston, TX",0
TXN_1613,U_463,2023-01-23 03:35:22,861.54,"Phoenix, AZ",1
TXN_1614,U_506,2023-01-10 20:15:38,12.59,"San Diego, CA",0
TXN_1615,U_914,2023-01-29 07:34:19,4001.57,"San Antonio, TX",1
TXN_1616,U_814,2023-01-10 12:42:26,67.16,"San Diego, CA",0
TXN_1617,U_888,2023-01-03 23:48:37,221.36,"San Antonio, TX",0
TXN_1618,U_433,2023-01-26 20:37:16,965.64,"Los Angeles, CA",0
TXN_1619,U_472,2023-01-09 15:46:53,372.14,"San Diego, CA",0
TXN_1620,U_850,2023-01-02 16:08:59,1022.71,"Chicago, IL",1
TXN_1621,U_205,2023-01-17 10:08:17,515.67,"San Antonio, TX",0
TXN_1622,U_688,2023-01-24 00:34:11,1737.59,"Chicago, IL",0
TXN_1623,U_449,2023-01-25 02:58:18,136.5,"San Diego, CA",0
TXN_1624,U_207,2023-01-01 17:40:46,1239.59,"Philadelphia, PA",0
TXN_1625,U_411,2023-01-22 19:09:36,1239.74,"San Antonio, TX",1
TXN_1626,U_135,2023-01-08 07:37:39,96.06,"Phoenix, AZ",0
TXN_1627,U_921,2023-01-21 23:17:20,472.62,"Philadelphia, PA",0
TXN_1628,U_784,2023-01-17 20:17:45,124.13,"New York, NY",0
TXN_1629,U_240,2023-01-03 10:50:30,1021.07,"Phoenix, AZ",0
TXN_1630,U_376,2023-01-21 17:58:45,905.27,"Houston, TX",0
TXN_1631,U_125,2023-01-07 12:01:12,1045.17,"San Antonio, TX",0
TXN_1632,U_477,2023-01-21 22:13:12,2519.71,"San Diego, CA",1
TXN_1633,U_251,2023-01-27 23:09:13,300.24,"San Diego, CA",0
TXN_1634,U_679,2023-01-20 11:38:25,1321.61,"Phoenix, AZ",0
TXN_1635,U_711,2023-01-27 03:48:54,1106.27,"Phoenix, AZ",0
TXN_1636,U_245,2023-01-03 17:06:26,982.79,"Philadelphia, PA",0
TXN_1637,U_538,2023-01-03 06:14:06,273.19,"New York, NY",0
TXN_1638,U_207,2023-01-25 11:26:25,1405.35,"Houston, TX",1
TXN_1639,U_761,2023-01-10 23:54:23,379.36,"Philadelphia, PA",0
TXN_1640,U_518,2023-01-07 12:51:18,796.2,"Philadelphia, PA",0
TXN_1641,U_749,2023-01-03 09:09:28,500.78,"Philadelphia, PA",0
TXN_1642,U_608,2023-01-09 14:11:36,4410.13,"Phoenix, AZ",0
TXN_1643,U_902,2023-01-19 06:07:02,1192.92,"Phoenix, AZ",0
TXN_1644,U_934,2023-01-17 14:39:37,563.97,"Phoenix, AZ",0
TXN_1645,U_266,2023-01-03 15:38:24,20.95,"San Antonio, TX",0
TXN_1646,U_379,2023-01-24 02:17:31,1712.64,"San Antonio, TX",0
TXN_1647,U_679,2023-01-16 13:30:13,868.67,"Philadelphia, PA",0
TXN_1648,U_266,2023-01-09 01:01:32,87.75,"Chicago, IL",0
TXN_1649,U_843,2023-01-03 08:47:31,218.03,"Houston, TX",0
TXN_1650,U_747,2023-01-05 16:02:02,425.92,"Los Angeles, CA",0
TXN_1651,U_807,2023-01-02 08:21:32,737.01,"Chicago, IL",0
TXN_1652,U_741,2023-01-28 10:20:52,77.5,"Philadelphia, PA",0
TXN_1653,U_259,2023-01-10 18:09:41,903.48,"New York, NY",0
TXN_1654,U_166,2023-01-18 22:01:15,397.06,"Phoenix, AZ",0
TXN_1655,U_358,2023-01-27 22:12:21,58.76,"San Diego, CA",0
TXN_1656,U_271,2023-01-09 06:18:56,5974.35,"Houston, TX",1
TXN_1657,U_897,2023-01-28 22:10:59,67.03,"Philadelphia, PA",0
TXN_1658,U_911,2023-01-30 12:42:11,3266.41,"Phoenix, AZ",0
TXN_1659,U_576,2023-01-28 10:17:02,1410.84,"San Diego, CA",0
TXN_1660,U_410,2023-01-15 19:43:37,106.67,"Phoenix, AZ",0
TXN_1661,U_732,2023-01-26 17:15:34,1416.26,"Chicago, IL",0
TXN_1662,U_756,2023-01-04 13:43:43,1098.36,"Chicago, IL",0
TXN_1663,U_614,2023-01-21 21:05:19,487.12,"Los Angeles, CA",0
TXN_1664,U_378,2023-01-27 10:29:06,170.37,"Phoenix, AZ",0
TXN_1665,U_616,2023-01-13 02:05:27,1468.61,"Philadelphia, PA",0
TXN_1666,U_420,2023-01-12 18:03:36,1118.4,"New York, NY",0
TXN_1667,U_183,2023-01-27 18:49:41,302.12,"Phoenix, AZ",0
TXN_1668,U_555,2023-01-20 06:25:42,2005.16,"Los Angeles, CA",0
TXN_1669,U_883,2023-01-01 02:58:19,1528.39,"San Antonio, TX",0
TXN_1670,U_837,2023-01-02 08:53:33,130.17,"Philadelphia, PA",0
TXN_1671,U_762,2023-01-21 17:48:33,423.06,"San Diego, CA",0
TXN_1672,U_460,2023-01-22 14:14:50,826.19,"Los Angeles, CA",1
TXN_1673,U_942,2023-01-05 12:19:14,510.81,"San Antonio, TX",0
TXN_1674,U_506,2023-01-01 05:01:13,922.78,"New York, NY",0
TXN_1675,U_410,2023-01-23 04:52:50,1548.07,"San Diego, CA",0
TXN_1676,U_242,2023-01-09 09:45:31,2500.67,"Los Angeles, CA",1
TXN_1677,U_111,2023-01-08 17:28:09,780.95,"San Antonio, TX",0
TXN_1678,U_528,2023-01-24 15:30:37,2108.52,"Philadelphia, PA",0
TXN_1679,U_769,2023-01-13 23:47:17,157.31,"Houston, TX",0
TXN_1680,U_106,2023-01-19 16:08:45,89.38,"Phoenix, AZ",0
TXN_1681,U_504,2023-01-22 12:27:14,195.59,"Houston, TX",0
TXN_1682,U_229,2023-01-20 17:09:37,3159.09,"San Antonio, TX",0
TXN_1683,U_867,2023-01-06 15:28:09,1733.68,"San Diego, CA",0
TXN_1684,U_892,2023-01-13 11:36:00,2565.8,"New York, NY",0
TXN_1685,U_881,2023-01-27 03:42:56,937.05,"Phoenix, AZ",0
TXN_1686,U_921,2023-01-12 11:24:29,197.18,"Los Angeles, CA",0
TXN_1687,U_998,2023-01-12 05:03:36,1749.12,"New York, NY",0
TXN_1688,U_752,2023-01-18 05:53:56,134.84,"Houston, TX",0
TXN_1689,U_636,2023-01-07 10:28:30,3304.95,"San Diego, CA",0
TXN_1690,U_111,2023-01-01 02:12:47,135.15,"San Antonio, TX",0
TXN_1691,U_191,2023-01-15 13:11:40,2760.92,"San Diego, CA",0
TXN_1692,U_631,2023-01-03 21:52:17,330.39,"Houston, TX",0
TXN_1693,U_546,2023-01-11 00:10:45,5.33,"San Diego, CA",0
TXN_1694,U_142,2023-01-23 05:41:17,1689.69,"Houston, TX",1
TXN_1695,U_566,2023-01-25 06:23:14,217.92,"San Antonio, TX",0
TXN_1696,U_444,2023-01-28 04:07:29,667.82,"San Diego, CA",0
TXN_1697,U_789,2023-01-09 02:54:52,971.26,"Phoenix, AZ",0
TXN_1698,U_562,2023-01-14 22:38:00,765.71,"Houston, TX",1
TXN_1699,U_248,2023-01-15 11:23:52,1531.46,"Chicago, IL",0
TXN_1700,U_593,2023-01-23 20:39:14,200.73,"Houston, TX",0
TXN_1701,U_499,2023-01-19 17:55:15,5717.88,"Los Angeles, CA",0
TXN_1702,U_884,2023-01-12 02:50:12,960.08,"San Diego, CA",0
TXN_1703,U_919,2023-01-23 09:08:51,753.75,"San Antonio, TX",0
TXN_1704,U_330,2023-01-06 01:01:24,2181.87,"Los Angeles, CA",0
TXN_1705,U_673,2023-01-15 05:54:04,442.32,"San Diego, CA",0
TXN_1706,U_254,2023-01-04 08:14:19,1216.08,"Philadelphia, PA",1
TXN_1707,U_840,2023-01-18 21:30:36,1471.66,"Phoenix, AZ",0
TXN_1708,U_609,2023-01-27 12:21:10,543.12,"Houston, TX",0
TXN_1709,U_830,2023-01-15 20:19:49,305.85,"San Antonio, TX",0
TXN_1710,U_749,2023-01-16 10:45:42,152.47,"New York, NY",0
TXN_1711,U_522,2023-01-18 19:15:12,395.82,"San Antonio, TX",0
TXN_1712,U_341,2023-01-20 12:19:56,4166.46,"Phoenix, AZ",1
TXN_1713,U_272,2023-01-28 07:24:19,469.27,"Chicago, IL",0
TXN_1714,U_596,2023-01-06 08:45:47,1043.71,"Phoenix, AZ",0
TXN_1715,U_407,2023-01-20 14:23:59,108.23,"Phoenix, AZ",0
TXN_1716,U_893,2023-01-13 06:15:25,167.58,"Los Angeles, CA",0
TXN_1717,U_663,2023-01-16 14:30:07,2184.96,"Phoenix, AZ",1
TXN_1718,U_326,2023-01-10 10:57:32,620.16,"San Antonio, TX",0
TXN_1719,U_120,2023-01-09 07:50:01,2231.41,"San Antonio, TX",0
TXN_1720,U_204,2023-01-30 04:21:19,1551.01,"Houston, TX",0
TXN_1721,U_492,2023-01-23 06:52:24,1170.18,"New York, NY",0
TXN_1722,U_671,2023-01-13 04:16:47,298.93,"Houston, TX",0
TXN_1723,U_109,2023-01-17 22:07:53,296.77,"Chicago, IL",0
TXN_1724,U_331,2023-01-27 20:12:04,1748.72,"Los Angeles, CA",0
TXN_1725,U_858,2023-01-09 15:52:01,493.33,"San Diego, CA",0
TXN_1726,U_825,2023-01-20 23:50:08,1910.75,"Phoenix, AZ",1
TXN_1727,U_955,2023-01-12 04:06:28,1890.25,"Houston, TX",1
TXN_1728,U_186,2023-01-27 20:34:44,54.01,"Chicago, IL",0
TXN_1729,U_299,2023-01-06 15:25:10,1264.92,"New York, NY",0
TXN_1730,U_720,2023-01-19 12:42:26,78.92,"San Antonio, TX",0
TXN_1731,U_763,2023-01-21 14:39:12,3140.03,"San Antonio, TX",0
TXN_1732,U_376,2023-01-02 15:13:34,356.74,"San Diego, CA",0
TXN_1733,U_750,2023-01-03 07:52:19,1495.12,"San Antonio, TX",0
TXN_1734,U_490,2023-01-18 08:34:58,196.29,"Houston, TX",0
TXN_1735,U_360,2023-01-08 06:44:45,2399.11,"New York, NY",1
TXN_1736,U_419,2023-01-24 07:15:21,26.17,"San Antonio, TX",0
TXN_1737,U_467,2023-01-05 07:18:51,2296.65,"Chicago, IL",0
TXN_1738,U_747,2023-01-16 01:54:47,984.93,"San Diego, CA",0
TXN_1739,U_562,2023-01-15 13:10:08,299.93,"San Antonio, TX",0
TXN_1740,U_935,2023-01-11 22:08:13,76.77,"Philadelphia, PA",0
TXN_1741,U_316,2023-01-02 10:14:17,655.58,"Philadelphia, PA",0
TXN_1742,U_866,2023-01-12 14:39:31,351.47,"New York, NY",0
TXN_1743,U_587,2023-01-16 20:41:25,670.56,"San Diego, CA",0
TXN_1744,U_259,2023-01-02 07:23:10,740.57,"San Antonio, TX",0
TXN_1745,U_387,2023-01-12 08:44:43,175.36,"San Diego, CA",0
TXN_1746,U_621,2023-01-19 17:38:22,122.44,"San Diego, CA",0
TXN_1747,U_501,2023-01-01 07:26:46,104.83,"Houston, TX",0
TXN_1748,U_587,2023-01-22 16:28:42,803.71,"Phoenix, AZ",0
TXN_1749,U_725,2023-01-18 14:06:43,280.35,"Houston, TX",0
TXN_1750,U_824,2023-01-10 23:50:03,224.99,"New York, NY",0
TXN_1751,U_785,2023-01-01 23:21:20,1042.92,"San Diego, CA",0
TXN_1752,U_221,2023-01-26 17:06:39,386.15,"Phoenix, AZ",0
TXN_1753,U_138,2023-01-04 13:01:34,295.67,"Los Angeles, CA",0
TXN_1754,U_496,2023-01-18 21:47:41,622.19,"San Diego, CA",0
TXN_1755,U_401,2023-01-10 17:52:45,1503.11,"Los Angeles, CA",0
TXN_1756,U_335,2023-01-08 07:42:23,200.32,"Los Angeles, CA",0
TXN_1757,U_697,2023-01-13 19:23:01,4182.93,"New York, NY",0
TXN_1758,U_633,2023-01-25 13:02:19,49.13,"Phoenix, AZ",0
TXN_1759,U_565,2023-01-26 22:34:41,146.25,"Philadelphia, PA",0
TXN_1760,U_562,2023-01-04 16:17:55,1707.57,"Chicago, IL",0
TXN_1761,U_706,2023-01-06 14:40:14,709.92,"Phoenix, AZ",0
TXN_1762,U_187,2023-01-30 04:01:47,1324.76,"San Diego, CA",0
TXN_1763,U_782,2023-01-19 12:25:08,897.45,"New York, NY",0
TXN_1764,U_795,2023-01-23 23:08:37,837.46,"Houston, TX",0
TXN_1765,U_512,2023-01-01 08:15:25,2071.11,"Los Angeles, CA",0
TXN_1766,U_466,2023-01-10 05:05:28,1436.8,"San Antonio, TX",0
TXN_1767,U_210,2023-01-22 03:12:57,14.38,"San Antonio, TX",0
TXN_1768,U_228,2023-01-25 21:51:39,1301.31,"Los Angeles, CA",0
TXN_1769,U_548,2023-01-28 18:08:03,109.45,"San Antonio, TX",0
TXN_1770,U_323,2023-01-14 05:40:57,1076.66,"San Antonio, TX",0
TXN_1771,U_572,2023-01-20 18:10:17,1361.15,"Philadelphia, PA",0
TXN_1772,U_401,2023-01-27 02:02:02,1169.38,"San Antonio, TX",0
TXN_1773,U_211,2023-01-30 06:17:48,778.7,"Phoenix, AZ",0
TXN_1774,U_697,2023-01-20 11:07:21,2101.25,"San Diego, CA",1
TXN_1775,U_111,2023-01-15 09:18:05,231.25,"Phoenix, AZ",0
TXN_1776,U_517,2023-01-21 03:31:27,166.21,"Houston, TX",0
TXN_1777,U_169,2023-01-05 19:49:38,5613.75,"Los Angeles, CA",0
TXN_1778,U_231,2023-01-19 07:34:20,1036.04,"Chicago, IL",0
TXN_1779,U_635,2023-01-21 11:48:05,904.05,"Philadelphia, PA",0
TXN_1780,U_904,2023-01-26 11:24:04,6.88,"Chicago, IL",0
TXN_1781,U_970,2023-01-15 08:17:24,34.5,"Phoenix, AZ",0
TXN_1782,U_871,2023-01-13 12:40:24,495.49,"Los Angeles, CA",0
TXN_1783,U_372,2023-01-16 11:48:06,2078.56,"Philadelphia, PA",0
TXN_1784,U_320,2023-01-20 21:47:03,114.97,"Houston, TX",0
TXN_1785,U_797,2023-01-06 15:04:35,59.25,"San Antonio, TX",0
TXN_1786,U_635,2023-01-15 23:42:09,926.67,"Phoenix, AZ",0
TXN_1787,U_287,2023-01-11 09:06:56,1016.95,"Los Angeles, CA",0
TXN_1788,U_310,2023-01-06 03:03:51,411.82,"New York, NY",0
TXN_1789,U_641,2023-01-27 01:00:41,1234.91,"Houston, TX",0
TXN_1790,U_967,2023-01-21 15:58:36,164.53,"San Antonio, TX",0
TXN_1791,U_282,2023-01-08 15:46:56,574.2,"Chicago, IL",0
TXN_1792,U_245,2023-01-17 07:37:34,254.25,"Los Angeles, CA",0
TXN_1793,U_862,2023-01-30 02:43:39,1335.53,"Los Angeles, CA",0
TXN_1794,U_924,2023-01-25 15:55:39,360.88,"Los Angeles, CA",0
TXN_1795,U_260,2023-01-18 09:06:24,1019.88,"Chicago, IL",0
TXN_1796,U_759,2023-01-25 14:59:59,201.32,"Los Angeles, CA",0
TXN_1797,U_498,2023-01-08 10:05:47,489.24,"Phoenix, AZ",0
TXN_1798,U_236,2023-01-06 20:06:49,891.17,"Los Angeles, CA",0
TXN_1799,U_604,2023-01-06 23:29:55,454.79,"Philadelphia, PA",0
TXN_1800,U_149,2023-01-13 16:17:06,31.55,"Philadelphia, PA",0
TXN_1801,U_724,2023-01-27 22:08:53,323.93,"Los Angeles, CA",0
TXN_1802,U_948,2023-01-18 15:58:42,2829.8,"Houston, TX",0
TXN_1803,U_525,2023-01-10 09:25:54,1246.52,"New York, NY",1
TXN_1804,U_448,2023-01-28 13:35:32,833.67,"Phoenix, AZ",1
TXN_1805,U_803,2023-01-28 04:35:16,1930.24,"Houston, TX",1
TXN_1806,U_359,2023-01-02 20:33:01,1306.73,"Phoenix, AZ",0
TXN_1807,U_740,2023-01-01 19:08:40,12.05,"Philadelphia, PA",0
TXN_1808,U_908,2023-01-25 08:38:03,150.44,"San Antonio, TX",0
TXN_1809,U_642,2023-01-19 22:14:48,3142.63,"Los Angeles, CA",0
TXN_1810,U_507,2023-01-21 14:02:19,50.62,"Houston, TX",0
TXN_1811,U_441,2023-01-17 08:47:02,288.66,"San Diego, CA",0
TXN_1812,U_319,2023-01-01 20:33:17,292.08,"San Diego, CA",0
TXN_1813,U_947,2023-01-06 15:13:19,1429.61,"New York, NY",0
TXN_1814,U_717,2023-01-04 03:00:40,1504.29,"Phoenix, AZ",0
TXN_1815,U_655,2023-01-07 13:14:48,673.59,"San Antonio, TX",0
TXN_1816,U_795,2023-01-30 22:23:38,69.7,"Chicago, IL",0
TXN_1817,U_349,2023-01-24 08:01:46,154.95,"Los Angeles, CA",0
TXN_1818,U_295,2023-01-19 13:25:46,1169.7,"Los Angeles, CA",1
TXN_1819,U_498,2023-01-17 20:28:01,1625.44,"New York, NY",1
TXN_1820,U_247,2023-01-03 21:49:11,826.36,"Houston, TX",0
TXN_1821,U_298,2023-01-25 20:35:53,1764.5,"Houston, TX",0
TXN_1822,U_987,2023-01-20 11:52:31,984.3,"Houston, TX",0
TXN_1823,U_264,2023-01-03 21:58:44,301.43,"Chicago, IL",0
TXN_1824,U_230,2023-01-28 03:49:42,225.77,"San Antonio, TX",0
TXN_1825,U_404,2023-01-04 05:54:26,374.18,"Houston, TX",0
TXN_1826,U_952,2023-01-07 09:42:23,3427.1,"San Antonio, TX",0
TXN_1827,U_544,2023-01-28 09:06:40,168.99,"Chicago, IL",0
TXN_1828,U_807,2023-01-02 01:16:46,293.97,"Los Angeles, CA",0
TXN_1829,U_426,2023-01-08 23:18:45,828.76,"San Diego, CA",0
TXN_1830,U_692,2023-01-03 09:21:27,126.91,"Houston, TX",0
TXN_1831,U_453,2023-01-08 20:34:01,787.08,"Houston, TX",0
TXN_1832,U_522,2023-01-01 12:33:52,789.25,"New York, NY",0
TXN_1833,U_593,2023-01-15 13:21:09,1881.79,"Phoenix, AZ",0
TXN_1834,U_941,2023-01-17 15:13:08,2918.2,"San Antonio, TX",0
TXN_1835,U_211,2023-01-14 10:17:28,1110.7,"Los Angeles, CA",0
TXN_1836,U_197,2023-01-11 00:11:30,1242.61,"Los Angeles, CA",1
TXN_1837,U_687,2023-01-26 02:02:34,619.78,"Philadelphia, PA",0
TXN_1838,U_803,2023-01-03 04:58:26,1548.08,"Los Angeles, CA",0
TXN_1839,U_131,2023-01-04 06:00:52,184.97,"Phoenix, AZ",0
TXN_1840,U_482,2023-01-11 00:18:59,737.69,"Houston, TX",0
TXN_1841,U_475,2023-01-14 18:43:51,2107.34,"Houston, TX",0
TXN_1842,U_825,2023-01-25 05:00:35,2049.68,"Los Angeles, CA",0
TXN_1843,U_480,2023-01-04 08:29:28,826.39,"Philadelphia, PA",0
TXN_1844,U_895,2023-01-27 06:03:05,821.4,"Phoenix, AZ",0
TXN_1845,U_165,2023-01-20 23:29:59,628.49,"San Diego, CA",0
TXN_1846,U_143,2023-01-06 03:19:05,693.78,"San Antonio, TX",0
TXN_1847,U_873,2023-01-27 08:26:27,605.93,"San Antonio, TX",0
TXN_1848,U_478,2023-01-27 16:54:09,103.06,"Phoenix, AZ",0
TXN_1849,U_808,2023-01-15 18:03:54,232.86,"San Antonio, TX",0
TXN_1850,U_685,2023-01-15 05:20:07,343.47,"Los Angeles, CA",0
TXN_1851,U_575,2023-01-23 02:49:07,328.57,"San Diego, CA",0
TXN_1852,U_171,2023-01-04 02:40:54,1371.11,"Phoenix, AZ",1
TXN_1853,U_203,2023-01-17 18:26:03,1562.4,"San Antonio, TX",1
TXN_1854,U_485,2023-01-18 16:02:14,955.55,"Chicago, IL",0
TXN_1855,U_976,2023-01-27 17:01:37,189.95,"Chicago, IL",0
TXN_1856,U_585,2023-01-05 07:13:36,916.58,"Chicago, IL",0
TXN_1857,U_619,2023-01-22 14:59:48,1324.14,"San Antonio, TX",0
TXN_1858,U_787,2023-01-04 03:55:49,3439.42,"Los Angeles, CA",0
TXN_1859,U_886,2023-01-29 20:29:19,130.16,"San Antonio, TX",0
TXN_1860,U_913,2023-01-17 10:46:14,3420.09,"Houston, TX",0
TXN_1861,U_674,2023-01-01 08:50:52,4147.09,"San Diego, CA",0
TXN_1862,U_632,2023-01-29 15:24:13,1370.96,"Los Angeles, CA",1
TXN_1863,U_201,2023-01-15 10:18:33,562.72,"San Diego, CA",0
TXN_1864,U_346,2023-01-17 18:43:16,825.43,"Philadelphia, PA",0
TXN_1865,U_452,2023-01-04 08:16:03,1275.66,"Phoenix, AZ",0
TXN_1866,U_765,2023-01-16 03:54:37,481.47,"San Antonio, TX",0
TXN_1867,U_326,2023-01-30 09:29:44,1714.61,"Philadelphia, PA",0
TXN_1868,U_533,2023-01-20 17:29:41,1243.71,"Houston, TX",0
TXN_1869,U_476,2023-01-24 02:29:30,2320.63,"San Diego, CA",0
TXN_1870,U_463,2023-01-14 23:02:03,381.97,"San Diego, CA",0
TXN_1871,U_827,2023-01-04 13:40:49,1715.67,"Houston, TX",0
TXN_1872,U_687,2023-01-13 06:48:59,1126.36,"Los Angeles, CA",1
TXN_1873,U_255,2023-01-14 04:38:49,111.07,"Los Angeles, CA",0
TXN_1874,U_774,2023-01-19 09:56:03,2362.67,"New York, NY",0
TXN_1875,U_406,2023-01-08 17:43:10,217.28,"Los Angeles, CA",0
TXN_1876,U_174,2023-01-06 00:51:11,439.44,"Philadelphia, PA",0
TXN_1877,U_936,2023-01-27 10:28:59,1524.31,"Chicago, IL",1
TXN_1878,U_958,2023-01-18 13:14:10,36.61,"San Antonio, TX",0
TXN_1879,U_992,2023-01-20 16:49:19,117.43,"Philadelphia, PA",0
TXN_1880,U_582,2023-01-16 04:07:55,1149.67,"Chicago, IL",0
TXN_1881,U_553,2023-01-14 08:20:24,1070.03,"Los Angeles, CA",0
TXN_1882,U_100,2023-01-07 07:35:35,80.45,"Chicago, IL",0
TXN_1883,U_739,2023-01-16 02:26:06,421.09,"Los Angeles, CA",0
TXN_1884,U_541,2023-01-02 07:19:42,244.08,"San Diego, CA",0
TXN_1885,U_326,2023-01-23 20:46:48,367.33,"San Antonio, TX",0
TXN_1886,U_401,2023-01-23 20:24:19,3349.55,"Los Angeles, CA",1
TXN_1887,U_500,2023-01-22 20:40:06,1652.12,"Philadelphia, PA",0
TXN_1888,U_863,2023-01-21 09:01:02,306.49,"San Diego, CA",0
TXN_1889,U_836,2023-01-11 02:31:33,1115.88,"Phoenix, AZ",0
TXN_1890,U_506,2023-01-07 17:58:18,122.65,"San Diego, CA",0
TXN_1891,U_987,2023-01-30 15:50:05,621.85,"Los Angeles, CA",0
TXN_1892,U_711,2023-01-26 17:40:50,1482.32,"San Diego, CA",1
TXN_1893,U_606,2023-01-21 23:25:36,47.93,"Houston, TX",0
TXN_1894,U_955,2023-01-06 08:36:41,3393.58,"San Diego, CA",0
TXN_1895,U_761,2023-01-12 05:40:34,3608.67,"Chicago, IL",0
TXN_1896,U_998,2023-01-03 18:23:37,1206.69,"San Diego, CA",0
TXN_1897,U_383,2023-01-22 07:08:03,4011.26,"Houston, TX",0
TXN_1898,U_817,2023-01-06 09:26:22,824.13,"Los Angeles, CA",0
TXN_1899,U_735,2023-01-15 13:41:10,765.73,"San Diego, CA",0
TXN_1900,U_886,2023-01-14 16:55:41,251.47,"Philadelphia, PA",0
TXN_1901,U_536,2023-01-12 04:35:20,492.48,"New York, NY",1
TXN_1902,U_919,2023-01-25 01:26:48,1745.31,"New York, NY",0
TXN_1903,U_920,2023-01-19 00:50:42,261.64,"San Antonio, TX",0
TXN_1904,U_433,2023-01-02 10:45:49,918.32,"Houston, TX",0
TXN_1905,U_167,2023-01-15 05:36:27,1917.33,"Houston, TX",0
TXN_1906,U_972,2023-01-17 09:33:48,904.49,"Phoenix, AZ",0
TXN_1907,U_731,2023-01-10 22:09:02,87.26,"San Diego, CA",0
TXN_1908,U_576,2023-01-14 00:03:09,1587.69,"Phoenix, AZ",0
TXN_1909,U_769,2023-01-24 10:42:19,879.21,"New York, NY",0
TXN_1910,U_675,2023-01-05 21:19:41,2806.83,"Chicago, IL",1
TXN_1911,U_760,2023-01-09 04:04:20,295.76,"Los Angeles, CA",0
TXN_1912,U_968,2023-01-18 04:25:38,675.16,"Los Angeles, CA",0
TXN_1913,U_300,2023-01-23 05:27:24,38.19,"Philadelphia, PA",0
TXN_1914,U_134,2023-01-10 05:00:00,71.87,"Philadelphia, PA",0
TXN_1915,U_579,2023-01-25 00:35:12,30.46,"San Antonio, TX",0
TXN_1916,U_442,2023-01-09 17:45:11,386.18,"Philadelphia, PA",0
TXN_1917,U_687,2023-01-29 03:19:09,2463.69,"San Antonio, TX",1
TXN_1918,U_758,2023-01-02 00:37:48,824.03,"Los Angeles, CA",1
TXN_1919,U_918,2023-01-25 03:01:48,1025.56,"San Diego, CA",0
TXN_1920,U_922,2023-01-19 00:19:56,3537.43,"Philadelphia, PA",0
TXN_1921,U_591,2023-01-17 16:33:05,321.86,"Los Angeles, CA",0
TXN_1922,U_446,2023-01-22 08:49:58,4130.24,"Chicago, IL",0
TXN_1923,U_683,2023-01-16 15:46:30,840.51,"San Antonio, TX",1
TXN_1924,U_764,2023-01-27 02:18:56,45.58,"Chicago, IL",0
TXN_1925,U_361,2023-01-08 15:15:38,155.85,"San Diego, CA",0
TXN_1926,U_479,2023-01-14 10:06:48,407.49,"Los Angeles, CA",0
TXN_1927,U_852,2023-01-23 08:08:02,223.28,"Philadelphia, PA",0
TXN_1928,U_390,2023-01-11 01:36:47,334.45,"Chicago, IL",0
TXN_1929,U_923,2023-01-03 08:13:36,879.85,"Los Angeles, CA",1
TXN_1930,U_401,2023-01-16 20:21:17,1796.66,"New York, NY",0
TXN_1931,U_503,2023-01-04 01:52:52,853.75,"San Diego, CA",0
TXN_1932,U_417,2023-01-16 12:47:37,833.42,"Los Angeles, CA",1
TXN_1933,U_332,2023-01-27 09:06:16,1701.53,"San Diego, CA",0
TXN_1934,U_916,2023-01-28 16:41:59,763.43,"Chicago, IL",0
TXN_1935,U_670,2023-01-29 15:11:34,860.15,"Philadelphia, PA",0
TXN_1936,U_650,2023-01-20 00:21:32,1130.22,"New York, NY",0
TXN_1937,U_593,2023-01-20 23:15:22,145.98,"Phoenix, AZ",0
TXN_1938,U_657,2023-01-09 04:42:20,506.83,"San Diego, CA",0
TXN_1939,U_719,2023-01-19 07:11:14,534.36,"Philadelphia, PA",0
TXN_1940,U_555,2023-01-03 05:10:20,1256.88,"San Antonio, TX",0
TXN_1941,U_367,2023-01-28 06:01:16,1272.37,"Chicago, IL",0
TXN_1942,U_349,2023-01-30 06:09:11,1991.9,"San Antonio, TX",0
TXN_1943,U_273,2023-01-18 14:29:42,1269.33,"Chicago, IL",0
TXN_1944,U_530,2023-01-26 19:59:44,930.82,"Phoenix, AZ",0
TXN_1945,U_949,2023-01-12 10:11:13,1099.5,"Los Angeles, CA",0
TXN_1946,U_772,2023-01-10 00:55:26,1091.68,"New York, NY",0
TXN_1947,U_584,2023-01-01 02:57:31,802.58,"Houston, TX",0
TXN_1948,U_212,2023-01-06 01:33:45,392.25,"Philadelphia, PA",0
TXN_1949,U_140,2023-01-16 21:07:50,537.18,"Houston, TX",0
TXN_1950,U_896,2023-01-30 10:06:57,2559.61,"Los Angeles, CA",1
TXN_1951,U_309,2023-01-10 21:57:06,2450.15,"Chicago, IL",0
TXN_1952,U_476,2023-01-02 05:27:02,2074.08,"San Diego, CA",0
TXN_1953,U_183,2023-01-10 00:52:21,133.47,"Chicago, IL",0
TXN_1954,U_613,2023-01-02 20:50:45,2220.2,"Philadelphia, PA",1
TXN_1955,U_395,2023-01-28 03:55:20,553.24,"New York, NY",0
TXN_1956,U_518,2023-01-21 06:46:14,865.86,"San Antonio, TX",0
TXN_1957,U_456,2023-01-21 03:42:53,822.9,"Los Angeles, CA",0
TXN_1958,U_322,2023-01-16 18:08:23,1061.39,"Phoenix, AZ",0
TXN_1959,U_895,2023-01-06 11:15:01,1914.47,"Los Angeles, CA",0
TXN_1960,U_519,2023-01-06 17:16:18,85.79,"San Diego, CA",0
TXN_1961,U_172,2023-01-21 14:21:25,1847.83,"Houston, TX",1
TXN_1962,U_463,2023-01-27 06:51:13,489.9,"San Diego, CA",0
TXN_1963,U_294,2023-01-07 23:34:51,870.76,"Los Angeles, CA",0
TXN_1964,U_140,2023-01-16 23:09:50,109.11,"Phoenix, AZ",0
TXN_1965,U_174,2023-01-09 07:50:07,17.39,"Chicago, IL",0
TXN_1966,U_924,2023-01-04 19:20:21,1227.77,"Houston, TX",0
TXN_1967,U_778,2023-01-30 07:02:51,568.05,"San Antonio, TX",0
TXN_1968,U_295,2023-01-23 07:11:51,2098.09,"Chicago, IL",1
TXN_1969,U_247,2023-01-03 20:10:04,733.23,"Phoenix, AZ",0
TXN_1970,U_518,2023-01-07 13:51:42,79.41,"Phoenix, AZ",0
TXN_1971,U_225,2023-01-15 04:52:26,377.83,"Chicago, IL",0
TXN_1972,U_905,2023-01-23 20:34:07,935.84,"Los Angeles, CA",0
TXN_1973,U_787,2023-01-06 22:06:43,873.03,"San Diego, CA",0
TXN_1974,U_585,2023-01-19 06:30:08,156.47,"San Diego, CA",0
TXN_1975,U_936,2023-01-10 14:13:11,3797.11,"Chicago, IL",0
TXN_1976,U_678,2023-01-08 11:13:14,150.94,"San Antonio, TX",0
TXN_1977,U_765,2023-01-15 11:42:55,539.69,"Chicago, IL",0
TXN_1978,U_662,2023-01-18 14:37:46,164.07,"Phoenix, AZ",0
TXN_1979,U_344,2023-01-10 01:27:57,144.32,"Chicago, IL",0
TXN_1980,U_221,2023-01-14 21:48:20,4094.72,"San Antonio, TX",1
TXN_1981,U_134,2023-01-21 01:45:39,5275.31,"Phoenix, AZ",0
TXN_1982,U_300,2023-01-16 11:08:12,345.25,"San Diego, CA",0
TXN_1983,U_530,2023-01-11 19:01:17,498.45,"San Diego, CA",0
TXN_1984,U_208,2023-01-02 22:34:07,421.1,"Chicago, IL",0
TXN_1985,U_167,2023-01-17 20:54:00,811.79,"Houston, TX",0
TXN_1986,U_773,2023-01-19 07:17:00,1440.07,"New York, NY",0
TXN_1987,U_478,2023-01-01 13:54:58,445.34,"Philadelphia, PA",0
TXN_1988,U_453,2023-01-28 03:12:31,1239.48,"San Antonio, TX",0
TXN_1989,U_861,2023-01-02 12:15:44,713.15,"San Antonio, TX",0
TXN_1990,U_482,2023-01-30 16:19:55,2716.02,"Philadelphia, PA",1
TXN_1991,U_598,2023-01-11 02:10:08,873.61,"Phoenix, AZ",0
TXN_1992,U_379,2023-01-07 12:07:40,989.13,"San Antonio, TX",0
TXN_1993,U_238,2023-01-14 19:22:11,518.79,"Philadelphia, PA",0
TXN_1994,U_372,2023-01-11 02:05:22,2127.89,"New York, NY",0
TXN_1995,U_203,2023-01-03 01:25:12,1577.73,"San Diego, CA",0
TXN_1996,U_886,2023-01-07 23:17:56,1317.37,"Philadelphia, PA",0
TXN_1997,U_619,2023-01-20 17:40:43,1919.32,"Houston, TX",0
TXN_1998,U_712,2023-01-03 18:36:19,2542.54,"Los Angeles, CA",1
TXN_1999,U_190,2023-01-14 15:59:48,919.09,"New York, NY",0
